model,combine,cutoff_games,window_years,spearman_mean,spearman_sd,precision_at_12_mean,mae_mean
elasticnet,mean,6,10,0.6558795713247122,0.08780816704039633,0.6333333333333333,3.3404164542363217
elasticnet,mean,6,20,0.6680600052993017,0.06874039155376017,0.65,3.2638632792325217
elasticnet,mean,6,30,0.6680600052993017,0.06874039155376017,0.65,3.2638632792325217
elasticnet,mean,7,10,0.6953659963804748,0.036424227166391814,0.5666666666666667,4.186521710237191
elasticnet,mean,7,20,0.6945508408489806,0.04618415215355684,0.5833333333333333,4.127783395616607
elasticnet,mean,7,30,0.6945508408489806,0.04618415215355684,0.5833333333333333,4.127783395616607
elasticnet,mean,8,10,0.5927713400727533,0.111593878445607,0.6333333333333333,3.1495905229485768
elasticnet,mean,8,20,0.60753328779518,0.09584102381851646,0.65,3.076577887375381
elasticnet,mean,8,30,0.60753328779518,0.09584102381851646,0.65,3.076577887375381
elasticnet,mean,10,10,0.5407861672377802,0.13236582846924264,0.65,3.16424268300167
elasticnet,mean,10,20,0.5596952793838221,0.11913607709705035,0.6833333333333333,3.1055789958202733
elasticnet,mean,10,30,0.5596952793838221,0.11913607709705035,0.6833333333333333,3.1055789958202733
elasticnet,mean,12,10,0.5272333936086797,0.1484721551374286,0.7,3.180800815215344
elasticnet,mean,12,20,0.5429044446527284,0.1330142941685143,0.7,3.2378872521273756
elasticnet,mean,12,30,0.5429044446527284,0.1330142941685143,0.7,3.2378872521273756
elasticnet,mean,14,10,0.49493975580662886,0.1338460728044414,0.75,3.260747547791874
elasticnet,mean,14,20,0.4962053005100522,0.13498110886936826,0.75,3.388125242154268
elasticnet,mean,14,30,0.4962053005100522,0.13498110886936826,0.75,3.388125242154268
elasticnet,recency_weighted,6,10,0.6609962833877355,0.07639305283466953,0.6166666666666666,3.3128964707102257
elasticnet,recency_weighted,6,20,0.6741773245941486,0.07721019216217674,0.65,3.2889985605976806
elasticnet,recency_weighted,6,30,0.6741773245941486,0.07721019216217674,0.65,3.2889985605976806
elasticnet,recency_weighted,7,10,0.6889503903104623,0.04979677035302765,0.55,4.209502493397331
elasticnet,recency_weighted,7,20,0.6930592365348026,0.053555910362094936,0.5833333333333333,4.189382986613923
elasticnet,recency_weighted,7,30,0.6930592365348026,0.053555910362094936,0.5833333333333333,4.189382986613923
elasticnet,recency_weighted,8,10,0.5937430051064482,0.10629883543258578,0.6333333333333333,3.1288242731154736
elasticnet,recency_weighted,8,20,0.6063245524386989,0.10350923666401059,0.65,3.109154559740788
elasticnet,recency_weighted,8,30,0.6063245524386989,0.10350923666401059,0.65,3.109154559740788
elasticnet,recency_weighted,10,10,0.5447424556657037,0.13112956560274797,0.65,3.150417332561865
elasticnet,recency_weighted,10,20,0.5615452524240065,0.13004330670792466,0.6666666666666666,3.135927515755669
elasticnet,recency_weighted,10,30,0.5615452524240065,0.13004330670792466,0.6666666666666666,3.135927515755669
elasticnet,recency_weighted,12,10,0.5392109959707214,0.15786969327984657,0.7166666666666667,3.1876882697531332
elasticnet,recency_weighted,12,20,0.5532237018003607,0.14775700139581227,0.7,3.2339966878195705
elasticnet,recency_weighted,12,30,0.5532237018003607,0.14775700139581227,0.7,3.2339966878195705
elasticnet,recency_weighted,14,10,0.5024048262949865,0.15642650890839652,0.7666666666666667,3.2972726831844
elasticnet,recency_weighted,14,20,0.5036987376602399,0.16585103692874112,0.75,3.374821679951503
elasticnet,recency_weighted,14,30,0.5036987376602399,0.16585103692874112,0.75,3.374821679951503
elasticnet,val_weighted,6,10,0.6558795713247122,0.08780816704039633,0.6333333333333333,3.3404684688374706
elasticnet,val_weighted,6,20,0.6680600052993017,0.06874039155376017,0.65,3.2625938037764968
elasticnet,val_weighted,6,30,0.6680600052993017,0.06874039155376017,0.65,3.2625938037764968
elasticnet,val_weighted,7,10,0.6953659963804748,0.036424227166391814,0.5666666666666667,4.18634093165998
elasticnet,val_weighted,7,20,0.6946353059211803,0.045980925706176574,0.5833333333333333,4.124900336841714
elasticnet,val_weighted,7,30,0.6946353059211803,0.045980925706176574,0.5833333333333333,4.124900336841714
elasticnet,val_weighted,8,10,0.5927713400727533,0.111593878445607,0.6333333333333333,3.14968130966406
elasticnet,val_weighted,8,20,0.60753328779518,0.09584102381851646,0.65,3.0755900689711733
elasticnet,val_weighted,8,30,0.60753328779518,0.09584102381851646,0.65,3.0755900689711733
elasticnet,val_weighted,10,10,0.5407861672377802,0.13236582846924264,0.65,3.1642842317769575
elasticnet,val_weighted,10,20,0.5596952793838221,0.11913607709705035,0.6833333333333333,3.1041993319377346
elasticnet,val_weighted,10,30,0.5596952793838221,0.11913607709705035,0.6833333333333333,3.1041993319377346
elasticnet,val_weighted,12,10,0.5272333936086797,0.1484721551374286,0.7,3.1808340765946284
elasticnet,val_weighted,12,20,0.5429044446527284,0.1330142941685143,0.7,3.2388336460364426
elasticnet,val_weighted,12,30,0.5429044446527284,0.1330142941685143,0.7,3.2388336460364426
elasticnet,val_weighted,14,10,0.49493975580662886,0.1338460728044414,0.75,3.2608153601592216
elasticnet,val_weighted,14,20,0.4962053005100522,0.13498110886936826,0.75,3.3899050341494523
elasticnet,val_weighted,14,30,0.4962053005100522,0.13498110886936826,0.75,3.3899050341494523
lasso,mean,6,10,0.6540771250806742,0.08347140509305243,0.6333333333333333,3.339274606104752
lasso,mean,6,20,0.6766917486444785,0.06524990848782128,0.65,3.2565015364234333
lasso,mean,6,30,0.6766917486444785,0.06524990848782128,0.65,3.2565015364234333
lasso,mean,7,10,0.6936958737707916,0.04145779250897644,0.5833333333333333,4.1782012004874485
lasso,mean,7,20,0.6966173622854857,0.05368619042505001,0.5833333333333333,4.121216364583835
lasso,mean,7,30,0.6966173622854857,0.05368619042505001,0.5833333333333333,4.121216364583835
lasso,mean,8,10,0.588707960178712,0.10549240695338918,0.6333333333333333,3.161868758110276
lasso,mean,8,20,0.6132623181743119,0.09166899478368615,0.65,3.0758513875597613
lasso,mean,8,30,0.6132623181743119,0.09166899478368615,0.65,3.0758513875597613
lasso,mean,10,10,0.5367820709756195,0.12600780191495495,0.65,3.184157666919343
lasso,mean,10,20,0.5671641669416976,0.10905931839727544,0.6833333333333333,3.112249753914889
lasso,mean,10,30,0.5671641669416976,0.10905931839727544,0.6833333333333333,3.112249753914889
lasso,mean,12,10,0.5266445733264955,0.14518156602829707,0.7,3.202936877781538
lasso,mean,12,20,0.5613544670432542,0.1231543401792329,0.7,3.2400863630693366
lasso,mean,12,30,0.5613544670432542,0.1231543401792329,0.7,3.2400863630693366
lasso,mean,14,10,0.4920796410929672,0.13459111497356074,0.7333333333333333,3.2832652022972155
lasso,mean,14,20,0.50825902235244,0.1402877603681882,0.75,3.3894282689262427
lasso,mean,14,30,0.50825902235244,0.1402877603681882,0.75,3.3894282689262427
lasso,recency_weighted,6,10,0.6667260555057882,0.06698824038224918,0.6166666666666666,3.3133054324302194
lasso,recency_weighted,6,20,0.6772273507945183,0.06988637715457864,0.6333333333333333,3.286435268772054
lasso,recency_weighted,6,30,0.6772273507945183,0.06988637715457864,0.6333333333333333,3.286435268772054
lasso,recency_weighted,7,10,0.6910496412070973,0.05552113737325959,0.55,4.205152704895147
lasso,recency_weighted,7,20,0.6947586491554958,0.057076119433818163,0.5833333333333333,4.186648715674423
lasso,recency_weighted,7,30,0.6947586491554958,0.057076119433818163,0.5833333333333333,4.186648715674423
lasso,recency_weighted,8,10,0.6001142846662377,0.08828813971443833,0.6333333333333333,3.1469551840778736
lasso,recency_weighted,8,20,0.6095498145663362,0.09443145362637337,0.65,3.1206864680981488
lasso,recency_weighted,8,30,0.6095498145663362,0.09443145362637337,0.65,3.1206864680981488
lasso,recency_weighted,10,10,0.550531278139732,0.1113014398606028,0.65,3.1773951130348683
lasso,recency_weighted,10,20,0.5605788822474029,0.11801485002360705,0.6833333333333333,3.155406678912682
lasso,recency_weighted,10,30,0.5605788822474029,0.11801485002360705,0.6833333333333333,3.155406678912682
lasso,recency_weighted,12,10,0.5496952135075704,0.1312192721074446,0.7166666666666667,3.217072362014199
lasso,recency_weighted,12,20,0.5597983445489166,0.13138528883442577,0.7,3.2486717003112573
lasso,recency_weighted,12,30,0.5597983445489166,0.13138528883442577,0.7,3.2486717003112573
lasso,recency_weighted,14,10,0.5058659552857965,0.14151487775111635,0.7666666666666667,3.3256615092720003
lasso,recency_weighted,14,20,0.5058801269623722,0.14739866272890287,0.75,3.3927937543637987
lasso,recency_weighted,14,30,0.5058801269623722,0.14739866272890287,0.75,3.3927937543637987
lasso,val_weighted,6,10,0.653672266781079,0.08339790817971306,0.6333333333333333,3.3392838803337135
lasso,val_weighted,6,20,0.6778206967182275,0.06505442594758712,0.65,3.2548529202743146
lasso,val_weighted,6,30,0.6778206967182275,0.06505442594758712,0.65,3.2548529202743146
lasso,val_weighted,7,10,0.6938158553153092,0.04100878500628093,0.5833333333333333,4.178426354811011
lasso,val_weighted,7,20,0.6970820647770601,0.053102861263201774,0.5833333333333333,4.118308544849096
lasso,val_weighted,7,30,0.6970820647770601,0.053102861263201774,0.5833333333333333,4.118308544849096
lasso,val_weighted,8,10,0.5879015085658088,0.10550394934980199,0.6333333333333333,3.1618506838967497
lasso,val_weighted,8,20,0.615283499080692,0.09107103666806235,0.65,3.0743286389609663
lasso,val_weighted,8,30,0.615283499080692,0.09107103666806235,0.65,3.0743286389609663
lasso,val_weighted,10,10,0.5356873802257562,0.12581567514921274,0.65,3.18422735500054
lasso,val_weighted,10,20,0.5684234144300885,0.10944124625345276,0.6833333333333333,3.1101551634007087
lasso,val_weighted,10,30,0.5684234144300885,0.10944124625345276,0.6833333333333333,3.1101551634007087
lasso,val_weighted,12,10,0.5266445733264955,0.14518156602829707,0.7,3.2030325474771386
lasso,val_weighted,12,20,0.5621449808772463,0.12372789208076262,0.7,3.2401903165928525
lasso,val_weighted,12,30,0.5621449808772463,0.12372789208076262,0.7,3.2401903165928525
lasso,val_weighted,14,10,0.4920796410929672,0.13459111497356074,0.7333333333333333,3.283351662501226
lasso,val_weighted,14,20,0.5094974124453193,0.14107013534447133,0.75,3.3906198447490183
lasso,val_weighted,14,30,0.5094974124453193,0.14107013534447133,0.75,3.3906198447490183
lightgbm,mean,6,10,0.6454401491100125,0.10660800938165013,0.65,3.5921668275406113
lightgbm,mean,6,20,0.6621773340311435,0.10515803602820938,0.65,3.506728168701664
lightgbm,mean,6,30,0.6621773340311435,0.10515803602820938,0.65,3.506728168701664
lightgbm,mean,7,10,0.6784018628468966,0.05003974518872954,0.6166666666666667,4.1244571198866655
lightgbm,mean,7,20,0.6900951498457139,0.054903912547600485,0.6,4.078736981683173
lightgbm,mean,7,30,0.6900951498457139,0.054903912547600485,0.6,4.078736981683173
lightgbm,mean,8,10,0.5636783202511463,0.12521433217976277,0.65,3.575299217364873
lightgbm,mean,8,20,0.5887009226787084,0.11669645671640945,0.65,3.458545146966246
lightgbm,mean,8,30,0.5887009226787084,0.11669645671640945,0.65,3.458545146966246
lightgbm,mean,10,10,0.5304394653671628,0.1514421341304966,0.6833333333333333,3.629156116161132
lightgbm,mean,10,20,0.5465365532996234,0.13960068640838139,0.7,3.5512669976304716
lightgbm,mean,10,30,0.5465365532996234,0.13960068640838139,0.7,3.5512669976304716
lightgbm,mean,12,10,0.4837981763977187,0.147392193822704,0.6666666666666667,3.7714177337466523
lightgbm,mean,12,20,0.5077371659614223,0.15405099132325523,0.6833333333333333,3.7042550696008107
lightgbm,mean,12,30,0.5077371659614223,0.15405099132325523,0.6833333333333333,3.7042550696008107
lightgbm,mean,14,10,0.4393354579193858,0.18024318647833282,0.7333333333333333,3.9391581207621527
lightgbm,mean,14,20,0.4562412424924204,0.15507607957397826,0.75,3.8884992559972273
lightgbm,mean,14,30,0.4562412424924204,0.15507607957397826,0.75,3.8884992559972273
lightgbm,recency_weighted,6,10,0.6214868944431733,0.11766014159498363,0.6333333333333333,3.611019456076151
lightgbm,recency_weighted,6,20,0.6324576120219102,0.10107916170000181,0.6166666666666666,3.5582883056061476
lightgbm,recency_weighted,6,30,0.6324576120219102,0.10107916170000181,0.6166666666666666,3.5582883056061476
lightgbm,recency_weighted,7,10,0.6661588247787373,0.05517993822629616,0.5666666666666667,4.173537016411281
lightgbm,recency_weighted,7,20,0.6762923695947718,0.054722935312651794,0.5833333333333333,4.142882153735192
lightgbm,recency_weighted,7,30,0.6762923695947718,0.054722935312651794,0.5833333333333333,4.142882153735192
lightgbm,recency_weighted,8,10,0.5357950304873356,0.14704763729189313,0.6333333333333333,3.57303244538016
lightgbm,recency_weighted,8,20,0.5490865186199871,0.12538170384431563,0.6166666666666666,3.50661043732849
lightgbm,recency_weighted,8,30,0.5490865186199871,0.12538170384431563,0.6166666666666666,3.50661043732849
lightgbm,recency_weighted,10,10,0.49757592549583657,0.18398071626508403,0.7,3.624088497295412
lightgbm,recency_weighted,10,20,0.5107556761616828,0.15149169957937075,0.6666666666666667,3.575694470791055
lightgbm,recency_weighted,10,30,0.5107556761616828,0.15149169957937075,0.6666666666666667,3.575694470791055
lightgbm,recency_weighted,12,10,0.4472308794688657,0.1854851154729378,0.6833333333333333,3.767591176216797
lightgbm,recency_weighted,12,20,0.4663412067210694,0.16165208241861226,0.6833333333333333,3.7292888657225967
lightgbm,recency_weighted,12,30,0.4663412067210694,0.16165208241861226,0.6833333333333333,3.7292888657225967
lightgbm,recency_weighted,14,10,0.4075888162629312,0.19990609884812985,0.7333333333333333,3.923272937342323
lightgbm,recency_weighted,14,20,0.4102766448788794,0.18201234841509437,0.75,3.8962199590860154
lightgbm,recency_weighted,14,30,0.4102766448788794,0.18201234841509437,0.75,3.8962199590860154
lightgbm,val_weighted,6,10,0.6458810562684307,0.10689948541900494,0.65,3.593743171111529
lightgbm,val_weighted,6,20,0.6636511680361261,0.10573611987760775,0.65,3.506792675415432
lightgbm,val_weighted,6,30,0.6636511680361261,0.10573611987760775,0.65,3.506792675415432
lightgbm,val_weighted,7,10,0.679667880844659,0.0502879879978575,0.6,4.123054886265978
lightgbm,val_weighted,7,20,0.6905282715027538,0.05381266390747518,0.6,4.077927506310816
lightgbm,val_weighted,7,30,0.6905282715027538,0.05381266390747518,0.6,4.077927506310816
lightgbm,val_weighted,8,10,0.5638846020425226,0.12603612642291964,0.65,3.578127747924893
lightgbm,val_weighted,8,20,0.5907683713590604,0.11837526361040998,0.65,3.4588737554502336
lightgbm,val_weighted,8,30,0.5907683713590604,0.11837526361040998,0.65,3.4588737554502336
lightgbm,val_weighted,10,10,0.5284437599231815,0.15109175510625042,0.6833333333333333,3.632436237308423
lightgbm,val_weighted,10,20,0.5478501821994592,0.14038571331365418,0.7,3.5522894626808563
lightgbm,val_weighted,10,30,0.5478501821994592,0.14038571331365418,0.7,3.5522894626808563
lightgbm,val_weighted,12,10,0.4823133317229427,0.1456748721262297,0.6666666666666667,3.7763504658782296
lightgbm,val_weighted,12,20,0.5097134505464025,0.15667754422557445,0.6833333333333333,3.7061580362222046
lightgbm,val_weighted,12,30,0.5097134505464025,0.15667754422557445,0.6833333333333333,3.7061580362222046
lightgbm,val_weighted,14,10,0.4381283014558018,0.179415136582719,0.7333333333333333,3.944759082554685
lightgbm,val_weighted,14,20,0.4562412424924204,0.15507607957397826,0.75,3.8905161407682507
lightgbm,val_weighted,14,30,0.4562412424924204,0.15507607957397826,0.75,3.8905161407682507
random_forest,mean,6,10,0.6604235165354247,0.11266383305484826,0.6333333333333333,3.6328034574710037
random_forest,mean,6,20,0.6819209722917342,0.08410514281393715,0.6833333333333333,3.6182832205546425
random_forest,mean,6,30,0.6819209722917342,0.08410514281393715,0.6833333333333333,3.6182832205546434
random_forest,mean,7,10,0.6949793056897674,0.05436808167471815,0.5666666666666667,4.157840148704528
random_forest,mean,7,20,0.6972307116937181,0.04509022934273751,0.6333333333333333,4.175234919001282
random_forest,mean,7,30,0.6972307116937181,0.04509022934273751,0.6333333333333333,4.175234919001282
random_forest,mean,8,10,0.5895389748240956,0.1368980359560411,0.6333333333333333,3.5448068949987546
random_forest,mean,8,20,0.6178371676307292,0.10811172325216593,0.6833333333333333,3.51831479687849
random_forest,mean,8,30,0.6178371676307292,0.10811172325216593,0.6833333333333333,3.51831479687849
random_forest,mean,10,10,0.5632906458267971,0.16469983692354037,0.7,3.59860334307808
random_forest,mean,10,20,0.5852364790073354,0.12477414066573458,0.7166666666666667,3.6160472159699184
random_forest,mean,10,30,0.5852364790073354,0.12477414066573458,0.7166666666666667,3.6160472159699184
random_forest,mean,12,10,0.5276526123253811,0.15898794698996713,0.7166666666666667,3.7710459385279065
random_forest,mean,12,20,0.5499323849300966,0.1280485819316683,0.7166666666666667,3.8003353647258384
random_forest,mean,12,30,0.5499323849300966,0.1280485819316683,0.7166666666666667,3.800335364725838
random_forest,mean,14,10,0.49282810607080363,0.16520569918548972,0.75,3.971746495537713
random_forest,mean,14,20,0.5204677469073754,0.1416213444949371,0.75,4.010719548840177
random_forest,mean,14,30,0.5204677469073754,0.1416213444949371,0.75,4.010719548840176
random_forest,recency_weighted,6,10,0.6572196960296334,0.1115346672310928,0.65,3.619209000503285
random_forest,recency_weighted,6,20,0.6729261530137464,0.09117485996907683,0.65,3.608843820270869
random_forest,recency_weighted,6,30,0.6729261530137464,0.09117485996907683,0.65,3.608843820270869
random_forest,recency_weighted,7,10,0.6899213707607355,0.05362720220852484,0.5666666666666667,4.171471681870368
random_forest,recency_weighted,7,20,0.6925562177381714,0.05327822114033855,0.6,4.177263762359049
random_forest,recency_weighted,7,30,0.6925562177381714,0.05327822114033855,0.6,4.177263762359049
random_forest,recency_weighted,8,10,0.5865416801095333,0.13759943517752557,0.65,3.507733638853425
random_forest,recency_weighted,8,20,0.6079456412962596,0.1189472534355999,0.65,3.4901694092776916
random_forest,recency_weighted,8,30,0.6079456412962596,0.1189472534355999,0.65,3.4901694092776916
random_forest,recency_weighted,10,10,0.5564706681280652,0.16904335214165223,0.7,3.563306848432833
random_forest,recency_weighted,10,20,0.5746027128229575,0.14393621767753706,0.7,3.5674598932562214
random_forest,recency_weighted,10,30,0.5746027128229575,0.14393621767753706,0.7,3.567459893256222
random_forest,recency_weighted,12,10,0.5222342783075049,0.16773764119714413,0.7,3.724774910283253
random_forest,recency_weighted,12,20,0.5345420676450424,0.14613821258181423,0.6833333333333333,3.739230813067702
random_forest,recency_weighted,12,30,0.5345420676450424,0.14613821258181423,0.6833333333333333,3.739230813067702
random_forest,recency_weighted,14,10,0.4921864880755714,0.16698026331142654,0.75,3.9105877133697953
random_forest,recency_weighted,14,20,0.5034457336086089,0.17046700123292727,0.75,3.9362200202807656
random_forest,recency_weighted,14,30,0.5034457336086089,0.17046700123292727,0.75,3.936220020280765
random_forest,val_weighted,6,10,0.6609103339542063,0.1128059842619947,0.6333333333333333,3.6333401135741688
random_forest,val_weighted,6,20,0.6819209722917342,0.08410514281393715,0.6833333333333333,3.618885805483658
random_forest,val_weighted,6,30,0.6819209722917342,0.08410514281393715,0.6833333333333333,3.618885805483658
random_forest,val_weighted,7,10,0.6954785376406123,0.053651227803588684,0.5666666666666667,4.157389470203712
random_forest,val_weighted,7,20,0.6968946901883417,0.045475921363501655,0.6333333333333333,4.175120283162029
random_forest,val_weighted,7,30,0.6968946901883417,0.045475921363501655,0.6333333333333333,4.175120283162029
random_forest,val_weighted,8,10,0.5904506532784686,0.13694920604031596,0.6333333333333333,3.5458241945023934
random_forest,val_weighted,8,20,0.6178371676307292,0.10811172325216593,0.6833333333333333,3.5192837401578827
random_forest,val_weighted,8,30,0.6178371676307292,0.10811172325216593,0.6833333333333333,3.5192837401578827
random_forest,val_weighted,10,10,0.564570374625992,0.16494471795525062,0.7,3.599759010955579
random_forest,val_weighted,10,20,0.5852364790073354,0.12477414066573458,0.7166666666666667,3.617596403995818
random_forest,val_weighted,10,30,0.5852364790073354,0.12477414066573458,0.7166666666666667,3.617596403995818
random_forest,val_weighted,12,10,0.5303421424748656,0.15970943402682838,0.7166666666666667,3.772550043803674
random_forest,val_weighted,12,20,0.5499323849300966,0.1280485819316683,0.7166666666666667,3.802108257508924
random_forest,val_weighted,12,30,0.5499323849300966,0.1280485819316683,0.7166666666666667,3.802108257508924
random_forest,val_weighted,14,10,0.4969560730470678,0.16573506586655687,0.75,3.9730772744101492
random_forest,val_weighted,14,20,0.5204677469073754,0.1416213444949371,0.75,4.0124349457010124
random_forest,val_weighted,14,30,0.5204677469073754,0.1416213444949371,0.75,4.0124349457010124
ridge,mean,6,10,0.6358152990819305,0.08668232771032262,0.6166666666666666,3.4608530049161628
ridge,mean,6,20,0.6667709495799807,0.09549030217144946,0.6,3.2803805987168304
ridge,mean,6,30,0.6667709495799807,0.09549030217144946,0.6,3.2803805987168304
ridge,mean,7,10,0.6773631035152933,0.04657140025344753,0.5333333333333333,4.314634059667152
ridge,mean,7,20,0.686464089679561,0.053578438184084184,0.55,4.197877398074784
ridge,mean,7,30,0.686464089679561,0.053578438184084184,0.55,4.197877398074784
ridge,mean,8,10,0.5620467882100088,0.10778285535250223,0.6333333333333333,3.2811758630485826
ridge,mean,8,20,0.6019285360687572,0.11540759295468815,0.6,3.1246676519636227
ridge,mean,8,30,0.6019285360687572,0.11540759295468815,0.6,3.1246676519636227
ridge,mean,10,10,0.5048155255941685,0.13332652950181503,0.65,3.3152054075026918
ridge,mean,10,20,0.5438349760485467,0.14903935778125954,0.65,3.1677738853734816
ridge,mean,10,30,0.5438349760485467,0.14903935778125954,0.65,3.1677738853734816
ridge,mean,12,10,0.5074472682161468,0.15740928123388484,0.6833333333333333,3.244182324380611
ridge,mean,12,20,0.5259230660008691,0.1551659408130218,0.7,3.218497838432932
ridge,mean,12,30,0.5259230660008691,0.1551659408130218,0.7,3.218497838432932
ridge,mean,14,10,0.46747756394007567,0.14359812986753562,0.7333333333333333,3.28525049200966
ridge,mean,14,20,0.4798073770802268,0.16093843398244145,0.75,3.3540078367532415
ridge,mean,14,30,0.4798073770802268,0.16093843398244145,0.75,3.3540078367532415
ridge,recency_weighted,6,10,0.6393284131440138,0.09364168901349076,0.5666666666666667,3.4300294389132717
ridge,recency_weighted,6,20,0.6552252155204659,0.1025366866311555,0.5833333333333334,3.361220169241734
ridge,recency_weighted,6,30,0.6552252155204659,0.1025366866311555,0.5833333333333334,3.361220169241734
ridge,recency_weighted,7,10,0.6709088402665786,0.04768483661597447,0.5166666666666667,4.360681905038515
ridge,recency_weighted,7,20,0.6737081529369504,0.051045656303216363,0.5333333333333333,4.317407470216098
ridge,recency_weighted,7,30,0.6737081529369504,0.051045656303216363,0.5333333333333333,4.317407470216098
ridge,recency_weighted,8,10,0.560235506512579,0.11630355847689305,0.5666666666666667,3.2644472964212143
ridge,recency_weighted,8,20,0.5835478947030999,0.12233742022241699,0.5833333333333334,3.210372721210026
ridge,recency_weighted,8,30,0.5835478947030999,0.12233742022241699,0.5833333333333334,3.210372721210026
ridge,recency_weighted,10,10,0.5041713421913644,0.15758633893061622,0.6,3.296206674411304
ridge,recency_weighted,10,20,0.5216365219257322,0.17455310402468557,0.6333333333333333,3.2504493277495987
ridge,recency_weighted,10,30,0.5216365219257322,0.17455310402468557,0.6333333333333333,3.2504493277495987
ridge,recency_weighted,12,10,0.5009628398552883,0.18724778663449496,0.6666666666666667,3.25424885406177
ridge,recency_weighted,12,20,0.5123752428603687,0.19424922931198776,0.7,3.269898753277329
ridge,recency_weighted,12,30,0.5123752428603687,0.19424922931198776,0.7,3.269898753277329
ridge,recency_weighted,14,10,0.4595152610659408,0.17874175051682378,0.7333333333333333,3.35151242895979
ridge,recency_weighted,14,20,0.4647985460046303,0.20394050061969804,0.7666666666666667,3.412204009316074
ridge,recency_weighted,14,30,0.4647985460046303,0.20394050061969804,0.7666666666666667,3.412204009316074
ridge,val_weighted,6,10,0.6347755002667033,0.0864307338828479,0.6166666666666666,3.459462568330057
ridge,val_weighted,6,20,0.6669451656078553,0.09561923473806767,0.6166666666666667,3.2765902970340077
ridge,val_weighted,6,30,0.6669451656078553,0.09561923473806767,0.6166666666666667,3.2765902970340077
ridge,val_weighted,7,10,0.677713532834134,0.046645166168480766,0.5333333333333333,4.315645705985021
ridge,val_weighted,7,20,0.6865723965598141,0.053399466221102865,0.55,4.192006081847264
ridge,val_weighted,7,30,0.6865723965598141,0.053399466221102865,0.55,4.192006081847264
ridge,val_weighted,8,10,0.5601911122422475,0.10893383452173099,0.6333333333333333,3.2801880861998116
ridge,val_weighted,8,20,0.6022341128449222,0.11564168208676598,0.6166666666666667,3.120563504533711
ridge,val_weighted,8,30,0.6022341128449222,0.11564168208676598,0.6166666666666667,3.120563504533711
ridge,val_weighted,10,10,0.5042723905682749,0.1337433160927846,0.65,3.3143442399679275
ridge,val_weighted,10,20,0.5442799148694588,0.1493383111981712,0.65,3.163443351840356
ridge,val_weighted,10,30,0.5442799148694588,0.1493383111981712,0.65,3.163443351840356
ridge,val_weighted,12,10,0.5073430149814588,0.15876799519414822,0.6833333333333333,3.2433679156028234
ridge,val_weighted,12,20,0.5259230660008691,0.1551659408130218,0.7,3.216008305933277
ridge,val_weighted,12,30,0.5259230660008691,0.1551659408130218,0.7,3.216008305933277
ridge,val_weighted,14,10,0.47021971343145125,0.14566829099127918,0.7333333333333333,3.2853630503640865
ridge,val_weighted,14,20,0.4798073770802268,0.16093843398244145,0.75,3.3528830030139196
ridge,val_weighted,14,30,0.4798073770802268,0.16093843398244145,0.75,3.3528830030139196
xgboost,mean,6,10,0.6583756585855809,0.1008795383090215,0.6333333333333333,3.5077174760208565
xgboost,mean,6,20,0.6798709056052559,0.0872478427022002,0.6333333333333333,3.480983893100265
xgboost,mean,6,30,0.6798709056052559,0.0872478427022002,0.6333333333333333,3.480983893100265
xgboost,mean,7,10,0.6933342529686072,0.0407292604630488,0.5833333333333333,4.117671565974879
xgboost,mean,7,20,0.6930464183036943,0.03650781227593021,0.5833333333333333,4.119205840212865
xgboost,mean,7,30,0.6930464183036943,0.03650781227593021,0.5833333333333333,4.119205840212865
xgboost,mean,8,10,0.5833054448731999,0.1185813066761131,0.6333333333333333,3.4713812124715817
xgboost,mean,8,20,0.6135824451127403,0.09658571349886236,0.6333333333333333,3.3963099082557306
xgboost,mean,8,30,0.6135824451127403,0.09658571349886236,0.6333333333333333,3.3963099082557306
xgboost,mean,10,10,0.5419726164331281,0.15472202748388608,0.6666666666666666,3.5259404521174056
xgboost,mean,10,20,0.5645412824723169,0.13068924791880637,0.6666666666666666,3.4821391910168655
xgboost,mean,10,30,0.5645412824723169,0.13068924791880637,0.6666666666666666,3.4821391910168655
xgboost,mean,12,10,0.5176979633638672,0.1576961350976213,0.6833333333333333,3.7060216482542727
xgboost,mean,12,20,0.5345059771146727,0.14303875384863948,0.6833333333333333,3.6773039592766756
xgboost,mean,12,30,0.5345059771146727,0.14303875384863948,0.6833333333333333,3.6773039592766756
xgboost,mean,14,10,0.4789346185738702,0.16144686063457087,0.7333333333333333,3.9056907093091935
xgboost,mean,14,20,0.48963957207597,0.12453817854641684,0.7166666666666666,3.8661410284578706
xgboost,mean,14,30,0.48963957207597,0.12453817854641684,0.7166666666666666,3.8661410284578706
xgboost,recency_weighted,6,10,0.6449630876588515,0.10316129844047768,0.6166666666666667,3.5486943709029637
xgboost,recency_weighted,6,20,0.6530760932928116,0.10014260615844806,0.6166666666666667,3.533180681340942
xgboost,recency_weighted,6,30,0.6530760932928116,0.10014260615844806,0.6166666666666667,3.533180681340942
xgboost,recency_weighted,7,10,0.677404753017154,0.04194265577453205,0.5666666666666667,4.164747677671674
xgboost,recency_weighted,7,20,0.6797652001585541,0.03948703667990521,0.6,4.1641678778812725
xgboost,recency_weighted,7,30,0.6797652001585541,0.03948703667990521,0.6,4.1641678778812725
xgboost,recency_weighted,8,10,0.5653089376108417,0.12131474078214721,0.6166666666666667,3.4743220559340235
xgboost,recency_weighted,8,20,0.5820698717009978,0.1161621513142044,0.6166666666666667,3.433130733413818
xgboost,recency_weighted,8,30,0.5820698717009978,0.1161621513142044,0.6166666666666667,3.433130733413818
xgboost,recency_weighted,10,10,0.5170887473668342,0.16857871142701122,0.65,3.526354622401624
xgboost,recency_weighted,10,20,0.5280805562006897,0.16711237441206472,0.65,3.4966820754430374
xgboost,recency_weighted,10,30,0.5280805562006897,0.16711237441206472,0.65,3.4966820754430374
xgboost,recency_weighted,12,10,0.4832318416391643,0.17051888071671759,0.6666666666666667,3.705416184258687
xgboost,recency_weighted,12,20,0.4915913636325535,0.17560920079743916,0.6666666666666666,3.6873228521261865
xgboost,recency_weighted,12,30,0.4915913636325535,0.17560920079743916,0.6666666666666666,3.6873228521261865
xgboost,recency_weighted,14,10,0.43584314191663764,0.16388971604173402,0.7333333333333333,3.880587709920465
xgboost,recency_weighted,14,20,0.4380263143326813,0.1529501522743239,0.7333333333333333,3.8665149349162617
xgboost,recency_weighted,14,30,0.4380263143326813,0.1529501522743239,0.7333333333333333,3.8665149349162617
xgboost,val_weighted,6,10,0.6583379864426455,0.10209633291361442,0.6333333333333333,3.5075954781116514
xgboost,val_weighted,6,20,0.6801496512498552,0.08745474985378557,0.6333333333333333,3.4809882197552993
xgboost,val_weighted,6,30,0.6801496512498552,0.08745474985378557,0.6333333333333333,3.4809882197552993
xgboost,val_weighted,7,10,0.6937796183050967,0.04097319641674387,0.5833333333333333,4.116780276630889
xgboost,val_weighted,7,20,0.6933037356794473,0.036409605081213166,0.5833333333333333,4.118920865612108
xgboost,val_weighted,7,30,0.6933037356794473,0.036409605081213166,0.5833333333333333,4.118920865612108
xgboost,val_weighted,8,10,0.5813902116952893,0.11939160857090624,0.6333333333333333,3.4721077015703825
xgboost,val_weighted,8,20,0.6140102525993713,0.09675534569528833,0.6333333333333333,3.396415964442513
xgboost,val_weighted,8,30,0.6140102525993713,0.09675534569528833,0.6333333333333333,3.396415964442513
xgboost,val_weighted,10,10,0.5395221932930498,0.15617931709626556,0.6666666666666666,3.526771825159007
xgboost,val_weighted,10,20,0.5650752090574115,0.1308756501014534,0.6666666666666666,3.4824350983914294
xgboost,val_weighted,10,30,0.5650752090574115,0.1308756501014534,0.6666666666666666,3.4824350983914294
xgboost,val_weighted,12,10,0.5147577924236962,0.1595385799792692,0.6833333333333333,3.7070142656568756
xgboost,val_weighted,12,20,0.5345059771146727,0.14303875384863948,0.6833333333333333,3.6777475741469416
xgboost,val_weighted,12,30,0.5345059771146727,0.14303875384863948,0.6833333333333333,3.6777475741469416
xgboost,val_weighted,14,10,0.4764501465241807,0.16042254195057487,0.7333333333333333,3.9071493608611414
xgboost,val_weighted,14,20,0.48963957207597,0.12453817854641684,0.7166666666666666,3.8666664746750983
xgboost,val_weighted,14,30,0.48963957207597,0.12453817854641684,0.7166666666666666,3.8666664746750983
